{
  "ESP":{
    "H1_n":19952,
    "H1_total":3.227929963,
    "H1_total_se":0.1577774833,
    "H1_direct":1.7870591861,
    "H1_direct_se":0.1693115826,
    "H1_pct_mediated":44.6376096561,
    "H4_lvl_n":20913,
    "H4_BSMJ_female":5.6519922433,
    "H4_BSMJ_female_se":0.3692038569,
    "H4_prof_female_logOR":0.8829717782,
    "H4_prof_female_se":0.0523717627,
    "H4_field_n":18426,
    "H4_stem_female_logOR":-0.7933318359,
    "H4_stem_female_se":0.0623157196,
    "H4_stem_math_logOR":0.6922726864,
    "H4_stem_femXmath_logOR":0.0193648811,
    "H4_stem_femXmath_se":0.0708111058
  },
  "KOR":{
    "H1_n":4986,
    "H1_total":2.837482449,
    "H1_total_se":0.2943938139,
    "H1_direct":1.8959077045,
    "H1_direct_se":0.3100106921,
    "H1_pct_mediated":33.1834561594,
    "H4_lvl_n":5094,
    "H4_BSMJ_female":1.863526354,
    "H4_BSMJ_female_se":0.6791046593,
    "H4_prof_female_logOR":0.0657257516,
    "H4_prof_female_se":0.1240961414,
    "H4_field_n":4458,
    "H4_stem_female_logOR":-0.4916761686,
    "H4_stem_female_se":0.0946082306,
    "H4_stem_math_logOR":0.5397907559,
    "H4_stem_femXmath_logOR":-0.0532467349,
    "H4_stem_femXmath_se":0.1241389679
  },
  "USA":{
    "H1_n":2987,
    "H1_total":3.0114664443,
    "H1_total_se":0.4671904653,
    "H1_direct":1.4403114645,
    "H1_direct_se":0.4817323832,
    "H1_pct_mediated":52.1724219382,
    "H4_lvl_n":3128,
    "H4_BSMJ_female":9.2482712574,
    "H4_BSMJ_female_se":0.7548902226,
    "H4_prof_female_logOR":0.9166837515,
    "H4_prof_female_se":0.0865801567,
    "H4_field_n":2935,
    "H4_stem_female_logOR":-1.0102288315,
    "H4_stem_female_se":0.1086521443,
    "H4_stem_math_logOR":0.6712587911,
    "H4_stem_femXmath_logOR":0.0848010054,
    "H4_stem_femXmath_se":0.1275156382
  },
  "COL":{
    "H1_n":5366,
    "H1_total":1.031769269,
    "H1_total_se":0.2148039346,
    "H1_direct":0.4496192621,
    "H1_direct_se":0.2382927708,
    "H1_pct_mediated":56.4224991423,
    "H4_lvl_n":5499,
    "H4_BSMJ_female":3.1729775884,
    "H4_BSMJ_female_se":0.4142037629,
    "H4_prof_female_logOR":-0.2630654148,
    "H4_prof_female_se":0.1083920097,
    "H4_field_n":5496,
    "H4_stem_female_logOR":-1.1540900972,
    "H4_stem_female_se":0.0854986709,
    "H4_stem_math_logOR":0.3195420798,
    "H4_stem_femXmath_logOR":0.1776535779,
    "H4_stem_femXmath_se":0.0819904083
  },
  "KAZ":{
    "H1_n":14987,
    "H1_total":1.7494353235,
    "H1_total_se":0.2064177157,
    "H1_direct":1.4931333956,
    "H1_direct_se":0.2037303525,
    "H1_pct_mediated":14.6505517781,
    "H4_lvl_n":15386,
    "H4_BSMJ_female":7.9009338587,
    "H4_BSMJ_female_se":0.3921865642,
    "H4_prof_female_logOR":0.4266225919,
    "H4_prof_female_se":0.045574409,
    "H4_field_n":11264,
    "H4_stem_female_logOR":-0.5338793657,
    "H4_stem_female_se":0.0766699312,
    "H4_stem_math_logOR":0.3980179533,
    "H4_stem_femXmath_logOR":-0.2230097213,
    "H4_stem_femXmath_se":0.0775416501
  },
  "POOL":{
    "H1_n":350216,
    "H1_total":2.9264519477,
    "H1_total_se":0.0913023146,
    "H1_direct":1.8398874677,
    "H1_direct_se":0.095400243,
    "H1_pct_mediated":37.1290729999,
    "H4_lvl_n":371549,
    "H4_BSMJ_female":7.4337373759,
    "H4_BSMJ_female_se":0.1680047992,
    "H4_prof_female_logOR":0.5681048235,
    "H4_prof_female_se":0.0189231695,
    "H4_field_n":332621,
    "H4_stem_female_logOR":-0.8360290057,
    "H4_stem_female_se":0.0235775497,
    "H4_stem_math_logOR":0.4984362047,
    "H4_stem_femXmath_logOR":-0.0844529886,
    "H4_stem_femXmath_se":0.0235709346
  }
}